{
	"about": {
		"trial": false,
		"author": {
			"name": "EMQ",
			"email": "contact@emqx.io",
			"company": "EMQ Technologies Co., Ltd",
			"website": "https://www.emqx.io"
		},
		"helpUrl": {
			"en_US": "https://github.com/lf-edge/ekuiper/blob/master/docs/en_US/sqls/built-in_functions.md",
			"zh_CN": "https://github.com/lf-edge/ekuiper/blob/master/docs/zh_CN/sqls/built-in_functions.md"
		},
		"description": {
			"en_US": "eKuiper has many built-in functions for performing calculations on data.",
			"zh_CN": "eKuiper 具有许多内置函数，可以对数据执行计算。"
		}
	},
	"functions": [{
		"name": "avg",
		"example": "avg(col1)",
		"aggregate": true,
		"hint": {
			"en_US": "The average of the values in a group. The null values will be ignored.",
			"zh_CN": "组中的平均值。空值不参与计算。"
		},
		"args": [
			{
				"name": "field",
				"optional": false,
				"control": "field",
				"type": "number",
				"hint": {
					"en_US": "The field to calculate the average.",
					"zh_CN": "用于计算平均值的字段名"
				},
				"label": {
					"en_US": "Field",
					"zh_CN": "字段"
				}
			}
		],
		"return": {
			"type": "int",
			"hint": {
				"en_US": "Average",
				"zh_CN": "平均值"
			}
		},
		"node": {
			"category": "function",
			"icon": "iconPath",
			"label": {
				"en_US": "Average",
				"zh_CN": "平均值"
			}
		}
	}, {
		"name": "count",
		"example": "count(*)",
		"aggregate": true,
		"hint": {
			"en_US": "The number of items in a group. The null values will be ignored.",
			"zh_CN": "组中的项目数。空值不参与计算。"
		},
		"args": [
			{
				"name": "field",
				"optional": false,
				"control": "field",
				"type": "any",
				"hint": {
					"en_US": "The field to calculate the count.",
					"zh_CN": "用于计数的字段名"
				},
				"label": {
					"en_US": "Field",
					"zh_CN": "字段"
				}
			}
		],
		"return": {
			"type": "int",
			"hint": {
				"en_US": "Count",
				"zh_CN": "计数值"
			}
		},
		"node": {
			"category": "function",
			"icon": "iconPath",
			"label": {
				"en_US": "Count",
				"zh_CN": "计数"
			}
		}
	}, {
		"name": "max",
		"example": "max(col1)",
		"aggregate": true,
		"hint": {
			"en_US": "The maximum value in a group. The null values will be ignored.",
			"zh_CN": "组中的最大值。空值不参与计算。"
		},
		"args": [
			{
				"name": "field",
				"optional": false,
				"control": "field",
				"type": "number",
				"hint": {
					"en_US": "The field to calculate the maximum value.",
					"zh_CN": "用于计算最大值的字段名"
				},
				"label": {
					"en_US": "Field",
					"zh_CN": "字段"
				}
			}
		],
		"return": {
			"type": "number",
			"hint": {
				"en_US": "Maximum",
				"zh_CN": "最大值"
			}
		},
		"node": {
			"category": "function",
			"icon": "iconPath",
			"label": {
				"en_US": "Maximum",
				"zh_CN": "最大值"
			}
		}
	}, {
		"name": "min",
		"example": "min(col1)",
		"aggregate": true,
		"hint": {
			"en_US": "The minimum value in a group. The null values will be ignored.",
			"zh_CN": "组中的最小值。空值不参与计算。"
		},
		"args": [
			{
				"name": "field",
				"optional": false,
				"control": "field",
				"type": "number",
				"hint": {
					"en_US": "The field to calculate the minimum value.",
					"zh_CN": "用于计算最小值的字段名"
				},
				"label": {
					"en_US": "Field",
					"zh_CN": "字段"
				}
			}
		],
		"return": {
			"type": "number",
			"hint": {
				"en_US": "Minimum",
				"zh_CN": "最小值"
			}
		},
		"node": {
			"category": "function",
			"icon": "iconPath",
			"label": {
				"en_US": "Minimum",
				"zh_CN": "最小值"
			}
		}
	}, {
		"name": "sum",
		"example": "sum(col1)",
		"aggregate": true,
		"hint": {
			"en_US": "The sum of all the values in a group. The null values will be ignored.",
			"zh_CN": "组中所有值的总和。空值不参与计算。"
		},
		"args": [
			{
				"name": "field",
				"optional": false,
				"control": "field",
				"type": "number",
				"hint": {
					"en_US": "The field to calculate the sum.",
					"zh_CN": "用于计算总和的字段名"
				},
				"label": {
					"en_US": "Field",
					"zh_CN": "字段"
				}
			}
		],
		"return": {
			"type": "number",
			"hint": {
				"en_US": "Sum",
				"zh_CN": "总和"
			}
		},
		"node": {
			"category": "function",
			"icon": "iconPath",
			"label": {
				"en_US": "Sum",
				"zh_CN": "总和"
			}
		}
	}, {
		"name": "stddev",
		"example": "stddev(col1)",
		"aggregate": true,
		"hint": {
			"en_US": "The population standard deviation of all the values in a group. ",
			"zh_CN": "组中所有值的总体标准偏差。"
		},
		"args": [
			{
				"name": "field",
				"optional": false,
				"control": "field",
				"type": "number",
				"hint": {
					"en_US": "The field to calculate the population standard deviation.",
					"zh_CN": "用于计算总体标准偏差的字段名"
				},
				"label": {
					"en_US": "Field",
					"zh_CN": "字段"
				}
			}
		],
		"return": {
			"type": "number",
			"hint": {
				"en_US": "population standard deviation",
				"zh_CN": "总体标准偏差"
			}
		},
		"node": {
			"category": "function",
			"icon": "iconPath",
			"label": {
				"en_US": "population standard deviation",
				"zh_CN": "总体标准偏差"
			}
		}
	}, {
		"name": "stddevs",
		"example": "stddevs(col1)",
		"aggregate": true,
		"hint": {
			"en_US": "The sample standard deviation of all the values in a group. ",
			"zh_CN": "组中所有值的样本标准偏差。"
		},
		"args": [
			{
				"name": "field",
				"optional": false,
				"control": "field",
				"type": "number",
				"hint": {
					"en_US": "The field to calculate the sample standard deviation.",
					"zh_CN": "用于计算样本标准偏差的字段名"
				},
				"label": {
					"en_US": "Field",
					"zh_CN": "字段"
				}
			}
		],
		"return": {
			"type": "number",
			"hint": {
				"en_US": "sample standard deviation",
				"zh_CN": "样本标准偏差"
			}
		},
		"node": {
			"category": "function",
			"icon": "iconPath",
			"label": {
				"en_US": "sample standard deviation",
				"zh_CN": "样本标准偏差"
			}
		}
	}, {
		"name": "var",
		"example": "var(col1)",
		"aggregate": true,
		"hint": {
			"en_US": "The population variance of all the values in a group. ",
			"zh_CN": "组中所有值的总体标准偏差的方差。"
		},
		"args": [
			{
				"name": "field",
				"optional": false,
				"control": "field",
				"type": "number",
				"hint": {
					"en_US": "The field to calculate the population variance.",
					"zh_CN": "用于计算总体标准偏差的方差"
				},
				"label": {
					"en_US": "Field",
					"zh_CN": "字段"
				}
			}
		],
		"return": {
			"type": "number",
			"hint": {
				"en_US": "population variance",
				"zh_CN": "总体标准偏差的方差"
			}
		},
		"node": {
			"category": "function",
			"icon": "iconPath",
			"label": {
				"en_US": "population variance",
				"zh_CN": "总体标准偏差的方差"
			}
		}
	},{
		"name": "vars",
		"example": "vars(col1)",
		"aggregate": true,
		"hint": {
			"en_US": "The sample variance of all the values in a group. ",
			"zh_CN": "组中所有值的样本标准偏差的方差。"
		},
		"args": [
			{
				"name": "field",
				"optional": false,
				"control": "field",
				"type": "number",
				"hint": {
					"en_US": "The field to calculate the sample variance.",
					"zh_CN": "用于计算样本标准偏差的方差"
				},
				"label": {
					"en_US": "Field",
					"zh_CN": "字段"
				}
			}
		],
		"return": {
			"type": "number",
			"hint": {
				"en_US": "sample variance",
				"zh_CN": "样本标准偏差的方差"
			}
		},
		"node": {
			"category": "function",
			"icon": "iconPath",
			"label": {
				"en_US": "sample variance",
				"zh_CN": "样本标准偏差的方差"
			}
		}
	}, {
		"name": "percentile",
		"example": "percentile(col1, 0.5)",
		"aggregate": true,
		"hint": {
			"en_US": "The percentile value based on a continuous distribution of all the values in a group. ",
			"zh_CN": "组中所有值的连续分布的百分位值。"
		},
		"args": [
			{
				"name": "field",
				"optional": false,
				"control": "field",
				"type": "number",
				"hint": {
					"en_US": "The percentile value based on a continuous distribution of all the values in a group.",
					"zh_CN": "组中所有值的连续分布的百分位值。"
				},
				"label": {
					"en_US": "Field",
					"zh_CN": "字段"
				}
			},
			{
				"name": "field",
				"optional": false,
				"control": "field",
				"type": "number",
				"hint": {
					"en_US": "The percentile of the value that you want to find. The percentile must be a constant between 0.0 and 1.0.",
					"zh_CN": "要查找的值的百分位数。百分位数必须是介于 0.0 和 1.0 之间的常数。"
				},
				"label": {
					"en_US": "percentile",
					"zh_CN": "百分位数"
				}
			}
		],
		"return": {
			"type": "number",
			"hint": {
				"en_US": "percentile value based on a continuous distribution",
				"zh_CN": "连续分布的百分位值"
			}
		},
		"node": {
			"category": "function",
			"icon": "iconPath",
			"label": {
				"en_US": "percentile value based on a continuous distribution",
				"zh_CN": "连续分布的百分位值"
			}
		}
	}, {
		"name": "percentile_disc",
		"example": "percentile_disc(col1, 0.5)",
		"aggregate": true,
		"hint": {
			"en_US": "The percentile value based on a discrete distribution of all the values in a group. ",
			"zh_CN": "组中所有值的离散分布的百分位值。"
		},
		"args": [
			{
				"name": "field",
				"optional": false,
				"control": "field",
				"type": "number",
				"hint": {
					"en_US": "The percentile value based on a discrete distribution of all the values in a group.",
					"zh_CN": "组中所有值的离散分布的百分位值。"
				},
				"label": {
					"en_US": "Field",
					"zh_CN": "字段"
				}
			},
			{
				"name": "field",
				"optional": false,
				"control": "field",
				"type": "number",
				"hint": {
					"en_US": "The percentile of the value that you want to find. The percentile must be a constant between 0.0 and 1.0.",
					"zh_CN": "要查找的值的百分位数。百分位数必须是介于 0.0 和 1.0 之间的常数。"
				},
				"label": {
					"en_US": "percentile",
					"zh_CN": "百分位数"
				}
			}
		],
		"return": {
			"type": "number",
			"hint": {
				"en_US": "percentile value based on a discrete distribution",
				"zh_CN": "离散分布的百分位值"
			}
		},
		"node": {
			"category": "function",
			"icon": "iconPath",
			"label": {
				"en_US": "percentile value based on a discrete distribution",
				"zh_CN": "离散分布的百分位值"
			}
		}
	}, {
		"name": "collect",
		"example": "collect(*), collect(col1)",
		"aggregate": true,
		"hint": {
			"en_US": "Returns an array with all column or the whole record (when the parameter is *) values from the group.",
			"zh_CN": "返回组中指定的列或整个消息（参数为*时）的值组成的数组。"
		},
		"args": [
			{
				"name": "field",
				"optional": false,
				"control": "field",
				"type": "any",
				"hint": {
					"en_US": "The field to return in the array.",
					"zh_CN": "要返回列表的字段名"
				},
				"label": {
					"en_US": "Field",
					"zh_CN": "字段"
				}
			}
		],
		"return": {
			"type": "array",
			"hint": {
				"en_US": "Collection",
				"zh_CN": "集合"
			}
		},
		"node": {
			"category": "function",
			"icon": "iconPath",
			"label": {
				"en_US": "Collect",
				"zh_CN": "集合"
			}
		}
	}, {
		"name": "deduplicate",
		"example": "deduplicate(col, false), deduplicate(col, true)",
		"aggregate": true,
		"hint": {
			"en_US": "Returns the deduplicate results in the group, usually a window. The first argument is the column as the key to deduplicate; the second argument is whether to return all items or just the latest item which is not duplicate. If the latest item is a duplicate, the sink will receive an empty map.",
			"zh_CN": "返回当前组去重的结果，通常用在窗口中。其中，第一个参数指定用于去重的列；第二个参数指定是否返回全部结果。若为 false ，则仅返回最近的未重复的项；若最近的项有重复，则返回空数组。"
		},
		"args": [
			{
				"name": "field",
				"optional": false,
				"control": "field",
				"type": "any",
				"hint": {
					"en_US": "The field to deduplicate.",
					"zh_CN": "要去重的字段名"
				},
				"label": {
					"en_US": "Field",
					"zh_CN": "字段"
				}
			},
			{
				"name": "all",
				"optional": false,
				"control": "checkbox",
				"type": "boolean",
				"hint": {
					"en_US": "Whether return all fields",
					"zh_CN": "是否返回全部字段"
				},
				"label": {
					"en_US": "Return all fields",
					"zh_CN": "返回全部字段"
				}
			}
		],
		"return": {
			"type": "array",
			"hint": {
				"en_US": "Deduplicate",
				"zh_CN": "去重值"
			}
		},
		"node": {
			"category": "function",
			"icon": "iconPath",
			"label": {
				"en_US": "deduplicate",
				"zh_CN": "去重"
			}
		}
	}, {
		"name": "abs",
		"example": "abs(col1)",
		"hint": {
			"en_US": "The absolute value of a value",
			"zh_CN": "绝对值"
		},
		"args": [
			{
				"name": "field",
				"optional": false,
				"control": "field",
				"type": "number",
				"hint": {
					"en_US": "The field to calculate.",
					"zh_CN": "参与计算的字段名"
				},
				"label": {
					"en_US": "Field",
					"zh_CN": "字段"
				}
			}
		],
		"return": {
			"type": "number",
			"hint": {
				"en_US": "Abs",
				"zh_CN": "绝对值"
			}
		},
		"node": {
			"category": "function",
			"icon": "iconPath",
			"label": {
				"en_US": "Absolute",
				"zh_CN": "绝对值"
			}
		}
	}, {
		"name": "acos",
		"example": "acos(col1)",
		"hint": {
			"en_US": "The inverse cosine of a number in radians",
			"zh_CN": "弧度数的反余弦值"
		},
		"args": [
			{
				"name": "field",
				"optional": false,
				"control": "field",
				"type": "number",
				"hint": {
					"en_US": "The field to calculate.",
					"zh_CN": "参与计算的字段名"
				},
				"label": {
					"en_US": "Field",
					"zh_CN": "字段"
				}
			}
		],
		"return": {
			"type": "number",
			"hint": {
				"en_US": "aCos",
				"zh_CN": "反余弦值"
			}
		},
		"node": {
			"category": "function",
			"icon": "iconPath",
			"label": {
				"en_US": "Inverse Cosine",
				"zh_CN": "反余弦"
			}
		}
	}, {
		"name": "asin",
		"example": "asin(col1)",
		"hint": {
			"en_US": "The inverse sine of a number in radians",
			"zh_CN": "弧度数的反正弦值"
		},
		"args": [
			{
				"name": "field",
				"optional": false,
				"control": "field",
				"type": "number",
				"hint": {
					"en_US": "The field to calculate.",
					"zh_CN": "参与计算的字段名"
				},
				"label": {
					"en_US": "Field",
					"zh_CN": "字段"
				}
			}
		],
		"return": {
			"type": "number",
			"hint": {
				"en_US": "aSin",
				"zh_CN": "反正弦值"
			}
		},
		"node": {
			"category": "function",
			"icon": "iconPath",
			"label": {
				"en_US": "Inverse Sine",
				"zh_CN": "反正弦"
			}
		}
	}, {
		"name": "atan",
		"example": "atan(col1)",
		"hint": {
			"en_US": "The inverse tangent of a number in radians",
			"zh_CN": "弧度数的反正切值"
		},
		"args": [
			{
				"name": "field",
				"optional": false,
				"control": "field",
				"type": "number",
				"hint": {
					"en_US": "The field to calculate.",
					"zh_CN": "参与计算的字段名"
				},
				"label": {
					"en_US": "Field",
					"zh_CN": "字段"
				}
			}
		],
		"return": {
			"type": "number",
			"hint": {
				"en_US": "aTan",
				"zh_CN": "反正切值"
			}
		},
		"node": {
			"category": "function",
			"icon": "iconPath",
			"label": {
				"en_US": "Inverse Tangent",
				"zh_CN": "反正切值"
			}
		}
	}, {
		"name": "atan2",
		"example": "atan2(col1, col2)",
		"hint": {
			"en_US": "The angle, in radians, between the positive x-axis and the (x, y) point defined in the two arguments",
			"zh_CN": "正x轴与两个自变量中定义的（x，y）点之间的弧度角"
		},
		"args": [
			{
				"name": "field1",
				"optional": false,
				"control": "field",
				"type": "number",
				"hint": {
					"en_US": "The field of the first point to calculate.",
					"zh_CN": "点X的字段名"
				},
				"label": {
					"en_US": "X Field",
					"zh_CN": "X 字段"
				}
			},
			{
				"name": "field2",
				"optional": false,
				"control": "field",
				"type": "number",
				"hint": {
					"en_US": "The field of the second point to calculate.",
					"zh_CN": "点Y的字段名"
				},
				"label": {
					"en_US": "Y Field",
					"zh_CN": "Y 字段"
				}
			}
		],
		"return": {
			"type": "number",
			"hint": {
				"en_US": "Angle",
				"zh_CN": "弧度角"
			}
		},
		"node": {
			"category": "function",
			"icon": "iconPath",
			"label": {
				"en_US": "Angle",
				"zh_CN": "弧度角"
			}
		}
	}, {
		"name": "bitand",
		"example": "bitand(col1, col2)",
		"hint": {
			"en_US": "Performs a bitwise AND on the bit representations of the two Int(-converted) arguments",
			"zh_CN": "对两个Int（-converted）参数的位表示执行按位“与”运算"
		},
		"args": [
			{
				"name": "field1",
				"optional": false,
				"control": "field",
				"type": "number",
				"hint": {
					"en_US": "The first field to calculate.",
					"zh_CN": "参与计算的第一个字段名"
				},
				"label": {
					"en_US": "Field 1",
					"zh_CN": "字段1"
				}
			},
			{
				"name": "field2",
				"optional": false,
				"control": "field",
				"type": "number",
				"hint": {
					"en_US": "The second field to calculate.",
					"zh_CN": "参与计算的第二个字段名"
				},
				"label": {
					"en_US": "Field 2",
					"zh_CN": "字段2"
				}
			}
		],
		"return": {
			"type": "number",
			"hint": {
				"en_US": "Bitand",
				"zh_CN": "按位与"
			}
		},
		"node": {
			"category": "function",
			"icon": "iconPath",
			"label": {
				"en_US": "Bit And",
				"zh_CN": "按位与"
			}
		}
	}, {
		"name": "bitor",
		"example": "bitor(col1, col2)",
		"hint": {
			"en_US": "Performs a bitwise OR of the bit representations of the two arguments",
			"zh_CN": "对两个参数的位表示进行或运算"
		},
		"args": [
			{
				"name": "field1",
				"optional": false,
				"control": "field",
				"type": "number",
				"hint": {
					"en_US": "The first field to calculate.",
					"zh_CN": "参与计算的第一个字段名"
				},
				"label": {
					"en_US": "Field 1",
					"zh_CN": "字段1"
				}
			},
			{
				"name": "field2",
				"optional": false,
				"control": "field",
				"type": "number",
				"hint": {
					"en_US": "The second field to calculate.",
					"zh_CN": "参与计算的第二个字段名"
				},
				"label": {
					"en_US": "Field 2",
					"zh_CN": "字段2"
				}
			}
		],
		"return": {
			"type": "number",
			"hint": {
				"en_US": "Bitor",
				"zh_CN": "按位或"
			}
		},
		"node": {
			"category": "function",
			"icon": "iconPath",
			"label": {
				"en_US": "Bit Or",
				"zh_CN": "按位或"
			}
		}
	}, {
		"name": "bitxor",
		"example": "bitxor(col1, col2)",
		"hint": {
			"en_US": "Performs a bitwise XOR on the bit representations of the two Int(-converted) arguments",
			"zh_CN": "对两个Int（-converted）参数的位表示执行逐位异或运算"
		},
		"args": [
			{
				"name": "field1",
				"optional": false,
				"control": "field",
				"type": "number",
				"hint": {
					"en_US": "The first field to calculate.",
					"zh_CN": "参与计算的第一个字段名"
				},
				"label": {
					"en_US": "Field 1",
					"zh_CN": "字段1"
				}
			},
			{
				"name": "field2",
				"optional": false,
				"control": "field",
				"type": "number",
				"hint": {
					"en_US": "The second field to calculate.",
					"zh_CN": "参与计算的第二个字段名"
				},
				"label": {
					"en_US": "Field 2",
					"zh_CN": "字段2"
				}
			}
		],
		"return": {
			"type": "number",
			"hint": {
				"en_US": "Bit Xor",
				"zh_CN": "按位异或值"
			}
		},
		"node": {
			"category": "function",
			"icon": "iconPath",
			"label": {
				"en_US": "Bit Xor",
				"zh_CN": "按位异或"
			}
		}
	}, {
		"name": "bitnot",
		"example": "bitnot(col1)",
		"hint": {
			"en_US": "Performs a bitwise NOT on the bit representations of the Int(-converted) argument",
			"zh_CN": "在Int（-converted）参数的位表示形式上执行按位NOT运算"
		},
		"args": [
			{
				"name": "field",
				"optional": false,
				"control": "field",
				"type": "number",
				"hint": {
					"en_US": "The field to calculate.",
					"zh_CN": "用于计算的字段名"
				},
				"label": {
					"en_US": "Field",
					"zh_CN": "字段"
				}
			}
		],
		"return": {
			"type": "number",
			"hint": {
				"en_US": "Bit Not",
				"zh_CN": "按位非值"
			}
		},
		"node": {
			"category": "function",
			"icon": "iconPath",
			"label": {
				"en_US": "Bit Not",
				"zh_CN": "按位非"
			}
		}
	}, {
		"name": "ceil",
		"example": "ceil(col1)",
		"hint": {
			"en_US": "Round a value up to the nearest BIGINT value.",
			"zh_CN": "将值舍入到最接近的BIGINT值。"
		},
		"args": [
			{
				"name": "field",
				"optional": false,
				"control": "field",
				"type": "number",
				"hint": {
					"en_US": "The field to calculate.",
					"zh_CN": "用于计算的字段名"
				},
				"label": {
					"en_US": "Field",
					"zh_CN": "字段"
				}
			}
		],
		"return": {
			"type": "number",
			"hint": {
				"en_US": "Ceil",
				"zh_CN": "向上取整值"
			}
		},
		"node": {
			"category": "function",
			"icon": "iconPath",
			"label": {
				"en_US": "Ceil",
				"zh_CN": "向上取整"
			}
		}
	}, {
		"name": "cos",
		"example": "cos(col1)",
		"hint": {
			"en_US": "Returns the cosine of a number in radians.",
			"zh_CN": "返回以弧度为单位的数字的余弦值。"
		},
		"args": [
			{
				"name": "field",
				"optional": false,
				"control": "field",
				"type": "number",
				"hint": {
					"en_US": "The field to calculate.",
					"zh_CN": "用于计算的字段名"
				},
				"label": {
					"en_US": "Field",
					"zh_CN": "字段"
				}
			}
		],
		"return": {
			"type": "number",
			"hint": {
				"en_US": "Cosine",
				"zh_CN": "余弦值"
			}
		},
		"node": {
			"category": "function",
			"icon": "iconPath",
			"label": {
				"en_US": "Cosine",
				"zh_CN": "余弦"
			}
		}
	}, {
		"name": "cosh",
		"example": "cosh(col1)",
		"hint": {
			"en_US": "Returns the hyperbolic cosine of a number in radians.",
			"zh_CN": "返回弧度数的双曲余弦值。"
		},
		"args": [
			{
				"name": "field",
				"optional": false,
				"control": "field",
				"type": "number",
				"hint": {
					"en_US": "The field to calculate.",
					"zh_CN": "用于计算的字段名"
				},
				"label": {
					"en_US": "Field",
					"zh_CN": "字段"
				}
			}
		],
		"return": {
			"type": "number",
			"hint": {
				"en_US": "Hyperbolic Cosine",
				"zh_CN": "双曲余弦值"
			}
		},
		"node": {
			"category": "function",
			"icon": "iconPath",
			"label": {
				"en_US": "Hyperbolic Cosine",
				"zh_CN": "双曲余弦"
			}
		}
	}, {
		"name": "exp",
		"example": "exp(col1)",
		"hint": {
			"en_US": "Returns e raised to the Decimal argument.",
			"zh_CN": "返回小数点参数的e。"
		},
		"args": [
			{
				"name": "field",
				"optional": false,
				"control": "field",
				"type": "number",
				"hint": {
					"en_US": "The field to calculate.",
					"zh_CN": "用于计算的字段名"
				},
				"label": {
					"en_US": "Field",
					"zh_CN": "字段"
				}
			}
		],
		"return": {
			"type": "number",
			"hint": {
				"en_US": "Exponent",
				"zh_CN": "幂数值"
			}
		},
		"node": {
			"category": "function",
			"icon": "iconPath",
			"label": {
				"en_US": "Exponent",
				"zh_CN": "幂数"
			}
		}
	}, {
		"name": "ln",
		"example": "ln(col1)",
		"hint": {
			"en_US": "Returns the natural logarithm of the argument.",
			"zh_CN": "返回参数的自然对数。"
		},
		"args": [
			{
				"name": "field",
				"optional": false,
				"control": "field",
				"type": "number",
				"hint": {
					"en_US": "The field to calculate.",
					"zh_CN": "用于计算的字段名"
				},
				"label": {
					"en_US": "Field",
					"zh_CN": "字段"
				}
			}
		],
		"return": {
			"type": "number",
			"hint": {
				"en_US": "Natural Logarithm",
				"zh_CN": "自然对数值"
			}
		},
		"node": {
			"category": "function",
			"icon": "iconPath",
			"label": {
					"en_US": "Natural Logarithm",
					"zh_CN": "自然对数"
				}
			}
	}, {
		"name": "log",
		"example": "log(col1)",
		"hint": {
			"en_US": "Returns the base 10 logarithm of the argument.",
			"zh_CN": "返回参数的以10为底的对数。"
		},
		"args": [
			{
				"name": "field",
				"optional": false,
				"control": "field",
				"type": "number",
				"hint": {
					"en_US": "The field to calculate.",
					"zh_CN": "用于计算的字段名"
				},
				"label": {
					"en_US": "Field",
					"zh_CN": "字段"
				}
			}
		],
		"return": {
			"type": "number",
			"hint": {
				"en_US": "Logarithm",
				"zh_CN": "对数值"
			}
		},
		"node": {
			"category": "function",
			"icon": "iconPath",
			"label": {
				"en_US": "Logarithm",
				"zh_CN": "对数"
			}
		}
	}, {
		"name": "mod",
		"example": "mod(col1, col2)",
		"hint": {
			"en_US": "Returns the remainder of the division of the first argument by the second argument.",
			"zh_CN": "返回第一个参数除以第二个参数的余数。"
		},
		"args": [
			{
				"name": "divided",
				"optional": false,
				"control": "field",
				"type": "number",
				"hint": {
					"en_US": "The field to be divided.",
					"zh_CN": "被除数的字段名"
				},
				"label": {
					"en_US": "Divided Number",
					"zh_CN": "被除数"
				}
			},
			{
				"name": "divisor",
				"optional": false,
				"control": "text",
				"type": "number",
				"hint": {
					"en_US": "The field to divide.",
					"zh_CN": "除数的字段名"
				},
				"label": {
					"en_US": "Divisor",
					"zh_CN": "除数"
				}
			}
		],
		"return": {
			"type": "number",
			"hint": {
				"en_US": "Modulo",
				"zh_CN": "取模值"
			}
		},
		"node": {
			"category": "function",
			"icon": "iconPath",
			"label": {
				"en_US": "Modulo",
				"zh_CN": "取模"
			}
		}
	}, {
		"name": "power",
		"example": "power(x, y)",
		"hint": {
			"en_US": "Pow returns x**y, the base-x exponential of y.",
			"zh_CN": "返回 x 的 y 次方。"
		},
		"args": [
			{
				"name": "field",
				"optional": false,
				"control": "field",
				"type": "number",
				"hint": {
					"en_US": "The field to calculate.",
					"zh_CN": "用于计算的字段名"
				},
				"label": {
					"en_US": "Field",
					"zh_CN": "字段"
				}
			},
			{
				"name": "power",
				"optional": false,
				"control": "text",
				"type": "int",
				"hint": {
					"en_US": "The power number",
					"zh_CN": "乘方数"
				},
				"label": {
					"en_US": "Power",
					"zh_CN": "乘方"
				}
			}
		],
		"return": {
			"type": "number",
			"hint": {
				"en_US": "Power",
				"zh_CN": "乘方"
			}
		},
		"node": {
			"category": "function",
			"icon": "iconPath",
			"label": {
				"en_US": "Power",
				"zh_CN": "乘方"
			}
		}
	}, {
		"name": "rand",
		"example": "rand()",
		"hint": {
			"en_US": "Returns a pseudorandom, uniformly distributed double between 0.0 and 1.0.",
			"zh_CN": "返回一个伪随机数，其均匀分布在0.0和1.0之间。"
		},
		"args": [],
		"return": {
			"type": "float",
			"hint": {
				"en_US": "Random Number",
				"zh_CN": "随机数"
			}
		},
		"node": {
			"category": "function",
			"icon": "iconPath",
			"label": {
				"en_US": "Random Number",
				"zh_CN": "随机数"
			}
		}
	}, {
		"name": "round",
		"example": "round(col1)",
		"hint": {
			"en_US": "Round a value to the nearest BIGINT value.",
			"zh_CN": "将值四舍五入到最接近的 BIGINT 值。"
		},
		"args": [
			{
				"name": "field",
				"optional": false,
				"control": "field",
				"type": "number",
				"hint": {
					"en_US": "The field to calculate.",
					"zh_CN": "用于计算的字段名"
				},
				"label": {
					"en_US": "Field",
					"zh_CN": "字段"
				}
			}
		],
		"return": {
			"type": "int",
			"hint": {
				"en_US": "Round",
				"zh_CN": "四舍五入值"
			}
		},
		"node": {
			"category": "function",
			"icon": "iconPath",
			"label": {
				"en_US": "Round",
				"zh_CN": "四舍五入"
			}
		}
	}, {
		"name": "sign",
		"example": "sign(col1)",
		"hint": {
			"en_US": "Returns the sign of the given number. When the sign of the argument is positive, 1 is returned. When the sign of the argument is negative, -1 is returned. If the argument is 0, 0 is returned.",
			"zh_CN": "返回给定数字的符号。 当参数的符号为正时，将返回1。 当参数的符号为负数时，返回-1。 如果参数为0，则返回0。"
		},
		"args": [
			{
				"name": "field",
				"optional": false,
				"control": "field",
				"type": "number",
				"hint": {
					"en_US": "The field to calculate.",
					"zh_CN": "用于计算的字段名"
				},
				"label": {
					"en_US": "Field",
					"zh_CN": "字段"
				}
			}
		],
		"return": {
			"type": "int",
			"hint": {
				"en_US": "Sign",
				"zh_CN": "正负号"
			}
		},
		"node": {
			"category": "function",
			"icon": "iconPath",
			"label": {
				"en_US": "Sign",
				"zh_CN": "正负号"
			}
		}
	}, {
		"name": "sin",
		"example": "sin(col1)",
		"hint": {
			"en_US": "Returns the sine of a number in radians.",
			"zh_CN": "返回弧度数的正弦值。"
		},
		"args": [
			{
				"name": "field",
				"optional": false,
				"control": "field",
				"type": "number",
				"hint": {
					"en_US": "The field to calculate.",
					"zh_CN": "用于计算的字段名"
				},
				"label": {
					"en_US": "Field",
					"zh_CN": "字段"
				}
			}
		],
		"return": {
			"type": "number",
			"hint": {
				"en_US": "Sine",
				"zh_CN": "正弦值"
			}
		},
		"node": {
			"category": "function",
			"icon": "iconPath",
			"label": {
				"en_US": "Sine",
				"zh_CN": "正弦"
			}
		}
	}, {
		"name": "sinh",
		"example": "sinh(col1)",
		"hint": {
			"en_US": "Returns the hyperbolic sine of a number in radians.",
			"zh_CN": "返回弧度数的双曲正弦值。"
		},
		"args": [
			{
				"name": "field",
				"optional": false,
				"control": "field",
				"type": "number",
				"hint": {
					"en_US": "The field to calculate.",
					"zh_CN": "用于计算的字段名"
				},
				"label": {
					"en_US": "Field",
					"zh_CN": "字段"
				}
			}
		],
		"return": {
			"type": "number",
			"hint": {
				"en_US": "Hyperbolic Sine",
				"zh_CN": "双曲正弦值"
			}
		},
		"node": {
			"category": "function",
			"icon": "iconPath",
			"label": {
				"en_US": "Hyperbolic Sine",
				"zh_CN": "双曲正弦"
			}
		}
	}, {
		"name": "sqrt",
		"example": "sqrt(col1)",
		"hint": {
			"en_US": "Returns the square root of a number.",
			"zh_CN": "返回数字的平方根。"
		},
		"args": [
			{
				"name": "field",
				"optional": false,
				"control": "field",
				"type": "number",
				"hint": {
					"en_US": "The field to calculate.",
					"zh_CN": "用于计算的字段名"
				},
				"label": {
					"en_US": "Field",
					"zh_CN": "字段"
				}
			}
		],
		"return": {
			"type": "number",
			"hint": {
				"en_US": "Square Root",
				"zh_CN": "平方根值"
			}
		},
		"node": {
			"category": "function",
			"icon": "iconPath",
			"label": {
				"en_US": "Square Root",
				"zh_CN": "平方根"
			}
		}
	}, {
		"name": "tan",
		"example": "tan(col1)",
		"hint": {
			"en_US": "Returns the tangent of a number in radians.",
			"zh_CN": "返回以弧度表示的数字的正切值。"
		},
		"args": [
			{
				"name": "field",
				"optional": false,
				"control": "field",
				"type": "number",
				"hint": {
					"en_US": "The field to calculate.",
					"zh_CN": "用于计算的字段名"
				},
				"label": {
					"en_US": "Field",
					"zh_CN": "字段"
				}
			}
		],
		"return": {
			"type": "number",
			"hint": {
				"en_US": "Tangent",
				"zh_CN": "正切值"
			}
		},
		"node": {
			"category": "function",
			"icon": "iconPath",
			"label": {
				"en_US": "Tangent",
				"zh_CN": "正切"
			}
		}
	}, {
		"name": "tanh",
		"example": "tanh(col1)",
		"hint": {
			"en_US": "Returns the hyperbolic tangent of a number in radians.",
			"zh_CN": "返回弧度数的双曲正切值。"
		},
		"args": [
			{
				"name": "field",
				"optional": false,
				"control": "field",
				"type": "number",
				"hint": {
					"en_US": "The field to calculate.",
					"zh_CN": "用于计算的字段名"
				},
				"label": {
					"en_US": "Field",
					"zh_CN": "字段"
				}
			}
		],
		"return": {
			"type": "number",
			"hint": {
				"en_US": "Hyperbolic Tangent",
				"zh_CN": "双曲正切值"
			}
		},
		"node": {
			"category": "function",
			"icon": "iconPath",
			"label": {
				"en_US": "Hyperbolic Tangent",
				"zh_CN": "双曲正切"
			}
		}
	}, {
		"name": "concat",
		"example": "concat(col1...)",
		"hint": {
			"en_US": "Concatenates arrays or strings. This function accepts any number of arguments and returns a String or an Array",
			"zh_CN": "连接数组或字符串。 此函数接受任意数量的参数并返回 String 或 Array"
		},
		"args": [
			{
				"name": "stringField",
				"optional": false,
				"control": "text",
				"type": "string",
				"hint": {
					"en_US": "String or Array",
					"zh_CN": "数组或字符串"
				},
				"label": {
					"en_US": "String or Array",
					"zh_CN": "数组或字符串"
				}
			}
		],
		"return": {
			"type": "any",
			"hint": {
				"en_US": "Concatenated array or string",
				"zh_CN": "拼接完的数组或字符串"
			}
		},
		"node": {
			"category": "function",
			"icon": "iconPath",
			"label": {
				"en_US": "Concatenate",
				"zh_CN": "字符串/数组拼接"
			}
		}
	}, {
		"name": "endswith",
		"example": "endswith(col1, col2)",
		"hint": {
			"en_US": "Returns a Boolean indicating whether the first String argument ends with the second String argument.",
			"zh_CN": "返回一个布尔值，该布尔值指示第一个 String参数是否以第二个 String 参数结尾。"
		},
		"args": [
			{
				"name": "string1",
				"optional": false,
				"control": "field",
				"type": "string",
				"hint": {
					"en_US": "String argument 1",
					"zh_CN": "String 参数 1"
				},
				"label": {
					"en_US": "String1",
					"zh_CN": "String1"
				}
			},
			{
				"name": "string2",
				"optional": false,
				"control": "text",
				"type": "string",
				"hint": {
					"en_US": "String argument 2",
					"zh_CN": "String 参数 2"
				},
				"label": {
					"en_US": "String2",
					"zh_CN": "String2"
				}
			}
		],
		"return": {
			"type": "bool",
			"hint": {
				"en_US": "Matched",
				"zh_CN": "是否命中"
			}
		},
		"node": {
			"category": "function",
			"icon": "iconPath",
			"label": {
				"en_US": "Ends With",
				"zh_CN": "Ends With"
			}
		}
	}, {
		"name": "format_time",
		"example": "format_time(col1, format)",
		"hint": {
			"en_US": "Format a datetime to string.",
			"zh_CN": "将日期时间格式化为字符串。"
		},
		"args": [
			{
				"name": "time",
				"optional": false,
				"control": "field",
				"type": "datetime",
				"hint": {
					"en_US": "The datetime value",
					"zh_CN": "时间值"
				},
				"label": {
					"en_US": "Datetime Value",
					"zh_CN": "时间值"
				}
			},
			{
				"name": "format",
				"optional": false,
				"control": "text",
				"type": "string",
				"hint": {
					"en_US": "format value",
					"zh_CN": "格式值"
				},
				"label": {
					"en_US": "format value",
					"zh_CN": "格式值"
				}
			}
		],
		"return": {
			"type": "string",
			"hint": {
				"en_US": "Formatted Time",
				"zh_CN": "格式化的时间"
			}
		},
		"node": {
			"category": "function",
			"icon": "iconPath",
			"label": {
				"en_US": "Format Time",
				"zh_CN": "格式化时间"
			}
		}
	}, {
		"name": "indexof",
		"example": "indexof(col1, col2)",
		"hint": {
			"en_US": "Returns the first index (0-based) of the second argument as a substring in the first argument.",
			"zh_CN": "返回第二个参数的第一个索引（从0开始），作为第一个参数中的子字符串。"
		},
		"args": [
			{
				"name": "string",
				"optional": false,
				"control": "field",
				"type": "string",
				"hint": {
					"en_US": "A String",
					"zh_CN": "String 值"
				},
				"label": {
					"en_US": "String",
					"zh_CN": "String 值"
				}
			},
			{
				"name": "substring",
				"optional": false,
				"control": "text",
				"type": "string",
				"hint": {
					"en_US": "Substring to search for",
					"zh_CN": "子字符串"
				},
				"label": {
					"en_US": "Substring to search for",
					"zh_CN": "子字符串"
				}
			}
		],
		"return": {
			"type": "bool",
			"hint": {
				"en_US": "Matched",
				"zh_CN": "是否命中"
			}
		},
		"node": {
			"category": "function",
			"icon": "iconPath",
			"label": {
				"en_US": "Index Of",
				"zh_CN": "Index Of"
			}
		}
	}, {
		"name": "length",
		"example": "length(col1)",
		"hint": {
			"en_US": "Returns the number of characters in the provided string.",
			"zh_CN": "返回提供的字符串中的字符数。"
		},
		"args": [
			{
				"name": "string",
				"optional": false,
				"control": "field",
				"type": "string",
				"hint": {
					"en_US": "A String",
					"zh_CN": "String 值"
				},
				"label": {
					"en_US": "String",
					"zh_CN": "String 值"
				}
			}
		],
		"return": {
			"type": "int",
			"hint": {
				"en_US": "String Length",
				"zh_CN": "字符长度"
			}
		},
		"node": {
			"category": "function",
			"icon": "iconPath",
			"label": {
				"en_US": "String Length",
				"zh_CN": "字符长度"
			}
		}
	}, {
		"name": "lower",
		"example": "lower(col1)",
		"hint": {
			"en_US": "Returns the lowercase version of the given String.",
			"zh_CN": "返回给定 String 的小写版本。"
		},
		"args": [
			{
				"name": "string",
				"optional": false,
				"control": "field",
				"type": "strng",
				"hint": {
					"en_US": "A String",
					"zh_CN": "String 值"
				},
				"label": {
					"en_US": "String",
					"zh_CN": "String 值"
				}
			}
		],
		"return": {
			"type": "string",
			"hint": {
				"en_US": "Lowercase",
				"zh_CN": "小写值"
			}
		},
		"node": {
			"category": "function",
			"icon": "iconPath",
			"label": {
				"en_US": "Lowercase",
				"zh_CN": "字符串小写"
			}
		}
	}, {
		"name": "lpad",
		"example": "lpad(col1, 2)",
		"hint": {
			"en_US": "Returns the String argument, padded on the left side with the number of spaces specified by the second argument.",
			"zh_CN": "返回 String，在左侧用第二个参数指定的空格数填充。"
		},
		"args": [
			{
				"name": "string",
				"optional": false,
				"control": "field",
				"type": "string",
				"hint": {
					"en_US": "A String",
					"zh_CN": "String 值"
				},
				"label": {
					"en_US": "String",
					"zh_CN": "String 值"
				}
			},
			{
				"name": "number",
				"optional": false,
				"control": "text",
				"type": "int",
				"hint": {
					"en_US": "number of spaces",
					"zh_CN": "空格数"
				},
				"label": {
					"en_US": "number of spaces",
					"zh_CN": "空格数"
				}
			}
		],
		"return": {
			"type": "string",
			"hint": {
				"en_US": "Left Padding",
				"zh_CN": "左侧填充值"
			}
		},
		"node": {
			"category": "function",
			"icon": "iconPath",
			"label": {
				"en_US": "Left Padding",
				"zh_CN": "左侧填充"
			}
		}
	}, {
		"name": "ltrim",
		"example": "ltrim(col1)",
		"hint": {
			"en_US": "Removes all leading whitespace (tabs and spaces) from the provided String.",
			"zh_CN": "从提供的字符串中删除所有前导空格（制表符和空格）。"
		},
		"args": [
			{
				"name": "string",
				"optional": false,
				"control": "field",
				"type": "text",
				"hint": {
					"en_US": "A String",
					"zh_CN": "String 值"
				},
				"label": {
					"en_US": "String",
					"zh_CN": "String 值"
				}
			}
		],
		"return": {
			"type": "string",
			"hint": {
				"en_US": "Left Trim",
				"zh_CN": "左侧去空格值"
			}
		},
		"node": {
			"category": "function",
			"icon": "iconPath",
			"label": {
				"en_US": "Left Trim",
				"zh_CN": "左侧去空格"
			}
		}
	}, {
		"name": "numbytes",
		"example": "numbytes(col1)",
		"hint": {
			"en_US": "Returns the number of bytes in the UTF-8 encoding of the provided string.",
			"zh_CN": "以提供的字符串的 UTF-8 编码返回字节数。"
		},
		"args": [],
		"return": {
			"type": "int",
			"hint": {
				"en_US": "Number of Bytes",
				"zh_CN": "字节数"
			}
		},
		"node": {
			"category": "function",
			"icon": "iconPath",
			"label": {
				"en_US": "Number of Bytes",
				"zh_CN": "字节数"
			}
		}
	}, {
		"name": "regexp_matches",
		"example": "regexp_matches(col1, regex)",
		"hint": {
			"en_US": "Returns true if the string (first argument) contains a match for the regular expression.",
			"zh_CN": "如果字符串（第一个参数）包含正则表达式的匹配项，则返回 true。"
		},
		"args": [
			{
				"name": "string",
				"optional": false,
				"control": "field",
				"type": "string",
				"hint": {
					"en_US": "A String",
					"zh_CN": "String 值"
				},
				"label": {
					"en_US": "String",
					"zh_CN": "String 值"
				}
			},
			{
				"name": "expression",
				"optional": false,
				"control": "text",
				"type": "string",
				"hint": {
					"en_US": "regex expression",
					"zh_CN": "正则表达式"
				},
				"label": {
					"en_US": "regex expression",
					"zh_CN": "正则表达式"
				}
			}
		],
		"return": {
			"type": "bool",
			"hint": {
				"en_US": "Matched",
				"zh_CN": "是否命中"
			}
		},
		"node": {
			"category": "function",
			"icon": "iconPath",
			"label": {
				"en_US": "Regular Expression Match",
				"zh_CN": "正则匹配"
			}
		}
	}, {
		"name": "regexp_replace",
		"example": "regexp_matches(col1, regex, str)",
		"hint": {
			"en_US": "Replaces all occurrences of the second argument (regular expression) in the first argument with the third argument.",
			"zh_CN": "将第一个参数中所有出现的第二个参数（正则表达式）替换为第三个参数。"
		},
		"args": [
			{
				"name": "string",
				"optional": false,
				"control": "field",
				"type": "string",
				"hint": {
					"en_US": "A String",
					"zh_CN": "String 值"
				},
				"label": {
					"en_US": "String",
					"zh_CN": "String 值"
				}
			},
			{
				"name": "expression",
				"optional": false,
				"control": "text",
				"type": "string",
				"hint": {
					"en_US": "regex expression",
					"zh_CN": "正则表达式"
				},
				"label": {
					"en_US": "regex expression",
					"zh_CN": "正则表达式"
				}
			},
			{
				"name": "value",
				"optional": false,
				"control": "text",
				"type": "string",
				"hint": {
					"en_US": "string value",
					"zh_CN": "字符串值"
				},
				"label": {
					"en_US": "string value",
					"zh_CN": "字符串值"
				}
			}
		],
		"return": {
			"type": "string",
			"hint": {
				"en_US": "Regular Expression Replace",
				"zh_CN": "正则替换值"
			}
		},
		"node": {
			"category": "function",
			"icon": "iconPath",
			"label": {
				"en_US": "Regular Expression Replace",
				"zh_CN": "正则替换"
			}
		}
	}, {
		"name": "regexp_substr",
		"example": "regexp_substr(col1, regex)",
		"hint": {
			"en_US": "Finds the first match of the 2nd parameter (regex) in the first parameter.",
			"zh_CN": "在第一个参数中找到第二个参数（regex）的第一个匹配项。"
		},
		"args": [
			{
				"name": "string",
				"optional": false,
				"control": "field",
				"type": "string",
				"hint": {
					"en_US": "A String",
					"zh_CN": "String 值"
				},
				"label": {
					"en_US": "String",
					"zh_CN": "String 值"
				}
			},
			{
				"name": "expression",
				"optional": false,
				"control": "text",
				"type": "string",
				"hint": {
					"en_US": "regex expression",
					"zh_CN": "正则表达式"
				},
				"label": {
					"en_US": "regex expression",
					"zh_CN": "正则表达式"
				}
			}
		],
		"return": {
			"type": "string",
			"hint": {
				"en_US": "Regular Expression First Match",
				"zh_CN": "正则匹配子串"
			}
		},
		"node": {
			"category": "function",
			"icon": "iconPath",
			"label": {
				"en_US": "Regular Expression First Match",
				"zh_CN": "正则匹配子串"
			}
		}
	}, {
		"name": "rpad",
		"example": "rpad(col1, 2)",
		"hint": {
			"en_US": "Returns the String argument, padded on the right side with the number of spaces specified by the second argument.",
			"zh_CN": "返回字符串参数，在右侧填充第二个参数指定的空格数。"
		},
		"args": [
			{
				"name": "string",
				"optional": false,
				"control": "field",
				"type": "string",
				"hint": {
					"en_US": "A String",
					"zh_CN": "String 值"
				},
				"label": {
					"en_US": "String",
					"zh_CN": "String 值"
				}
			},
			{
				"name": "value",
				"optional": false,
				"control": "text",
				"type": "int",
				"hint": {
					"en_US": "spaces number",
					"zh_CN": "空格数"
				},
				"label": {
					"en_US": "spaces number",
					"zh_CN": "空格数"
				}
			}
		],
		"return": {
			"type": "string",
			"hint": {
				"en_US": "Right Padding",
				"zh_CN": "右侧填充值"
			}
		},
		"node": {
			"category": "function",
			"icon": "iconPath",
			"label": {
				"en_US": "Right Padding",
				"zh_CN": "右侧填充"
			}
		}
	}, {
		"name": "rtrim",
		"example": "rtrim(col1)",
		"hint": {
			"en_US": "Removes all trailing whitespace (tabs and spaces) from the provided String.",
			"zh_CN": "从提供的字符串中删除所有尾随空白（制表符和空格）。"
		},
		"args": [
			{
				"name": "string",
				"optional": false,
				"control": "field",
				"type": "string",
				"hint": {
					"en_US": "A String",
					"zh_CN": "String 值"
				},
				"label": {
					"en_US": "String",
					"zh_CN": "String 值"
				}
			}
		],
		"return": {
			"type": "string",
			"hint": {
				"en_US": "Right Trim",
				"zh_CN": "右侧去空格值"
			}
		},
		"node": {
			"category": "function",
			"icon": "iconPath",
			"label": {
				"en_US": "Right Trim",
				"zh_CN": "右侧去空格"
			}
		}
	}, {
		"name": "substring",
		"example": "substring(col1, start, end)",
		"hint": {
			"en_US": "returns the substring of the provided String from the provided Int index (0-based, inclusive) to the end of the String.",
			"zh_CN": "从提供的 Int 索引（从0开始，包括0）到字符串的结尾，返回提供的String的子字符串。"
		},
		"args": [
			{
				"name": "string",
				"optional": false,
				"control": "field",
				"type": "string",
				"hint": {
					"en_US": "A String",
					"zh_CN": "String 值"
				},
				"label": {
					"en_US": "String",
					"zh_CN": "String 值"
				}
			},
			{
				"name": "start",
				"optional": false,
				"control": "text",
				"type": "int",
				"hint": {
					"en_US": "start",
					"zh_CN": "start"
				},
				"label": {
					"en_US": "start",
					"zh_CN": "start"
				}
			},
			{
				"name": "end",
				"optional": false,
				"control": "text",
				"type": "int",
				"hint": {
					"en_US": "end",
					"zh_CN": "end"
				},
				"label": {
					"en_US": "end",
					"zh_CN": "end"
				}
			}
		],
		"return": {
			"type": "string",
			"hint": {
				"en_US": "Substring",
				"zh_CN": "子字符串"
			}
		},
		"node": {
			"category": "function",
			"icon": "iconPath",
			"label": {
				"en_US": "Substring",
				"zh_CN": "子字符串"
			}
		}
	}, {
		"name": "startswith",
		"example": "startswith(col1, str)",
		"hint": {
			"en_US": "Returns Boolean, whether the first string argument starts with the second string argument.",
			"zh_CN": "返回布尔值，是否第一个字符串参数是否以第二个字符串参数开头。"
		},
		"args": [
			{
				"name": "string1",
				"optional": false,
				"control": "field",
				"type": "string",
				"hint": {
					"en_US": "String argument 1",
					"zh_CN": "String 参数 1"
				},
				"label": {
					"en_US": "String1",
					"zh_CN": "String1"
				}
			},
			{
				"name": "string2",
				"optional": false,
				"control": "text",
				"type": "string",
				"hint": {
					"en_US": "String argument 2",
					"zh_CN": "String 参数 2"
				},
				"label": {
					"en_US": "String2",
					"zh_CN": "String2"
				}
			}
		],
		"return": {
			"type": "bool",
			"hint": {
				"en_US": "Matched",
				"zh_CN": "是否命中"
			}
		},
		"node": {
			"category": "function",
			"icon": "iconPath",
			"label": {
				"en_US": "Starts With",
				"zh_CN": "Starts With"
			}
		}
	}, {
		"name": "split_value",
		"example": "split_value(col1, str_splitter, index)",
		"hint": {
			"en_US": "split_value(col1, str_splitter, index)",
			"zh_CN": "用第二个参数分割第一个参数的值，并返回用第三个参数索引的分割数组的值。split_value（“/test/device001/message”，“/”，0） AS a，函数的返回值为空；split_value（“/test/device001/message”，“/”，3） AS a，函数的返回值为message。"
		},
		"args": [
			{
				"name": "string",
				"optional": false,
				"control": "field",
				"type": "string",
				"hint": {
					"en_US": "A String",
					"zh_CN": "String 值"
				},
				"label": {
					"en_US": "String",
					"zh_CN": "String 值"
				}
			},
			{
				"name": "str_splitter",
				"optional": false,
				"control": "text",
				"type": "string",
				"hint": {
					"en_US": "str_splitter",
					"zh_CN": "分隔符"
				},
				"label": {
					"en_US": "str_splitter",
					"zh_CN": "分隔符"
				}
			},
			{
				"name": "index",
				"optional": false,
				"control": "text",
				"type": "int",
				"hint": {
					"en_US": "index",
					"zh_CN": "位次值"
				},
				"label": {
					"en_US": "index",
					"zh_CN": "位次值"
				}
			}
		],
		"return": {
			"type": "string",
			"hint": {
				"en_US": "Split String",
				"zh_CN": "字符串分割值"
			}
		},
		"node": {
			"category": "function",
			"icon": "iconPath",
			"label": {
				"en_US": "Split String",
				"zh_CN": "字符串分割"
			}
		}
	}, {
		"name": "trim",
		"example": "trim(col1)",
		"hint": {
			"en_US": "Removes all leading and trailing whitespace (tabs and spaces) from the provided String.",
			"zh_CN": "从提供的字符串中删除所有前导和尾随空格（制表符和空格）。"
		},
		"args": [
			{
				"name": "string",
				"optional": false,
				"control": "field",
				"type": "string",
				"hint": {
					"en_US": "A String",
					"zh_CN": "String 值"
				},
				"label": {
					"en_US": "String",
					"zh_CN": "String 值"
				}
			}
		],
		"return": {
			"type": "string",
			"hint": {
				"en_US": "Trim",
				"zh_CN": "去空格值"
			}
		},
		"node": {
			"category": "function",
			"icon": "iconPath",
			"label": {
				"en_US": "Trim",
				"zh_CN": "去空格"
			}
		}
	}, {
		"name": "upper",
		"example": "upper(col1)",
		"hint": {
			"en_US": "Returns the uppercase version of the given String.",
			"zh_CN": "返回给定 String 的大写版本。"
		},
		"args": [
			{
				"name": "string",
				"optional": false,
				"control": "field",
				"type": "string",
				"hint": {
					"en_US": "A String",
					"zh_CN": "String 值"
				},
				"label": {
					"en_US": "String",
					"zh_CN": "String 值"
				}
			}
		],
		"return": {
			"type": "string",
			"hint": {
				"en_US": "Upper Case",
				"zh_CN": "大写值"
			}
		},
		"node": {
			"category": "function",
			"icon": "iconPath",
			"label": {
				"en_US": "Upper Case",
				"zh_CN": "大写"
			}
		}
	}, {
		"name": "cast",
		"example": "cast(col, \"bigint\")",
		"hint": {
			"en_US": "Converts a value from one data type to another. The supported types includes: bigint, float, string, boolean and datetime(not supported now).",
			"zh_CN": "将值从一种数据类型转换为另一种数据类型。 支持的类型包括：bigint，float，string，boolean 和 datetime（现在不支持）。"
		},
		"args": [
			{
				"name": "field",
				"optional": false,
				"control": "field",
				"type": "any",
				"hint": {
					"en_US": "The field to cast.",
					"zh_CN": "需要转换的字段名"
				},
				"label": {
					"en_US": "Field",
					"zh_CN": "字段"
				}
			},
			{
				"name": "datatype",
				"optional": false,
				"control": "select",
				"type": "string",
				"values": ["bigint", "float", "string", "boolean", "datetime"],
				"hint": {
					"en_US": "The data type to cast to",
					"zh_CN": "转换类型"
				},
				"label": {
					"en_US": "Cast Type",
					"zh_CN": "转换类型"
				}
			}
		],
		"return": {
			"type": "any",
			"hint": {
				"en_US": "Casted Value",
				"zh_CN": "类型转换值"
			}
		},
		"node": {
			"category": "function",
			"icon": "iconPath",
			"label": {
				"en_US": "Cast",
				"zh_CN": "类型转换"
			}
		}
	}, {
		"name": "chr",
		"example": "chr(col1)",
		"hint": {
			"en_US": "Returns the ASCII character that corresponds to the given Int argument",
			"zh_CN": "返回与给定 Int 参数对应的 ASCII 字符"
		},
		"args": [
			{
				"name": "field",
				"optional": false,
				"control": "field",
				"type": "int",
				"hint": {
					"en_US": "An int field or value",
					"zh_CN": "Int 类型字段"
				},
				"label": {
					"en_US": "Int Expression",
					"zh_CN": "Int 表达式"
				}
			}
		],
		"return": {
			"type": "string",
			"hint": {
				"en_US": "ASCII Character",
				"zh_CN": "ASCII 字符"
			}
		},
		"node": {
			"category": "function",
			"icon": "iconPath",
			"label": {
				"en_US": "ASCII Character",
				"zh_CN": "ASCII 字符"
			}
		}
	}, {
		"name": "encode",
		"example": "encode(col1, \"base64\")",
		"hint": {
			"en_US": "Use the encode function to encode the payload, which potentially might be non-JSON data, into its string representation based on the encoding scheme. Currently, only \"base64\" encoding type is supported.",
			"zh_CN": "使用 encode 函数根据编码方案将负载（可能是非 JSON 数据）编码为其字符串表示形式。目前，只支持\"base64\"econding 类型。"
		},
		"args": [
			{
				"name": "field",
				"optional": false,
				"control": "field",
				"type": "string",
				"hint": {
					"en_US": "The field to encode.",
					"zh_CN": "需要编码的字段名"
				},
				"label": {
					"en_US": "Field",
					"zh_CN": "字段"
				}
			},
			{
				"name": "encodingType",
				"optional": false,
				"control": "select",
				"type": "string",
				"values": ["base64"],
				"hint": {
					"en_US": "The type of encoding",
					"zh_CN": "编码方案"
				},
				"label": {
					"en_US": "Encoding Type",
					"zh_CN": "编码方案"
				}
			}
		],
		"return": {
			"type": "string",
			"hint": {
				"en_US": "Encoded Value",
				"zh_CN": "编码值"
			}
		},
		"node": {
			"category": "function",
			"icon": "iconPath",
			"label": {
				"en_US": "Encode",
				"zh_CN": "Encode"
			}
		}
	}, {
		"name": "trunc",
		"example": "trunc(dec, int)",
		"hint": {
			"en_US": "Truncates the first argument to the number of Decimal places specified by the second argument. If the second argument is less than zero, it is set to zero. If the second argument is greater than 34, it is set to 34. Trailing zeroes are stripped from the result.",
			"zh_CN": "将第一个参数截断为第二个参数指定的小数位数。 如果第二个参数小于零，则将其设置为零。 如果第二个参数大于34，则将其设置为34。从结果中去除尾随零。"
		},
		"args": [
			{
				"name": "decimal",
				"optional": false,
				"control": "field",
				"type": "number",
				"hint": {
					"en_US": "The decimal number to be truncated.",
					"zh_CN": "需要截断的数字"
				},
				"label": {
					"en_US": "Decimal",
					"zh_CN": "浮点数"
				}
			},
			{
				"name": "length",
				"optional": false,
				"control": "text",
				"type": "int",
				"hint": {
					"en_US": "Number of decimal places",
					"zh_CN": "小数位数"
				},
				"label": {
					"en_US": "Decimal Places",
					"zh_CN": "小数位数"
				}
			}
		],
		"return": {
			"type": "number",
			"hint": {
				"en_US": "Truncated Value",
				"zh_CN": "截断值"
			}
		},
		"node": {
			"category": "function",
			"icon": "iconPath",
			"label": {
				"en_US": "Truncate",
				"zh_CN": "截断"
			}
		}
	}, {
		"name": "md5",
		"example": "md5(col1)",
		"hint": {
			"en_US": "Hashed value of the argument",
			"zh_CN": "参数的哈希值"
		},
		"args": [
			{
				"name": "field",
				"optional": false,
				"control": "field",
				"type": "string",
				"hint": {
					"en_US": "The field to encode.",
					"zh_CN": "需要编码的字段名"
				},
				"label": {
					"en_US": "Field",
					"zh_CN": "字段"
				}
			}
		],
		"return": {
			"type": "string",
			"hint": {
				"en_US": "MD5 Value",
				"zh_CN": "MD5 值"
			}
		},
		"node": {
			"category": "function",
			"icon": "iconPath",
			"label": {
				"en_US": "MD5",
				"zh_CN": "MD5"
			}
		}
	}, {
		"name": "sha1",
		"example": "sha1(col1)",
		"hint": {
			"en_US": "Hashed by SHA1",
			"zh_CN": "参数的 SHA1 哈希值"
		},
		"args": [
			{
				"name": "field",
				"optional": false,
				"control": "field",
				"type": "string",
				"hint": {
					"en_US": "The field to encode.",
					"zh_CN": "需要编码的字段名"
				},
				"label": {
					"en_US": "Field",
					"zh_CN": "字段"
				}
			}
		],
		"return": {
			"type": "string",
			"hint": {
				"en_US": "SHA1 Value",
				"zh_CN": "SHA1 值"
			}
		},
		"node": {
			"category": "function",
			"icon": "iconPath",
			"label": {
				"en_US": "SHA1",
				"zh_CN": "SHA1"
			}
		}
	}, {
		"name": "sha256",
		"example": "sha256(col1)",
		"hint": {
			"en_US": "SHA256 hashed value of the argument",
			"zh_CN": "参数的 SHA256 哈希值"
		},
		"args": [
			{
				"name": "field",
				"optional": false,
				"control": "field",
				"type": "string",
				"hint": {
					"en_US": "The field to encode.",
					"zh_CN": "需要编码的字段名"
				},
				"label": {
					"en_US": "Field",
					"zh_CN": "字段"
				}
			}
		],
		"return": {
			"type": "string",
			"hint": {
				"en_US": "SHA256 Value",
				"zh_CN": "SHA256 值"
			}
		},
		"node": {
			"category": "function",
			"icon": "iconPath",
			"label": {
				"en_US": "SHA256",
				"zh_CN": "SHA256"
			}
		}
	}, {
		"name": "sha384",
		"example": "sha384(col1)",
		"hint": {
			"en_US": "SHA384 Hashed value of the argument",
			"zh_CN": "参数的 SHA384 哈希值"
		},
		"args": [
			{
				"name": "field",
				"optional": false,
				"control": "field",
				"type": "string",
				"hint": {
					"en_US": "The field to encode.",
					"zh_CN": "需要编码的字段名"
				},
				"label": {
					"en_US": "Field",
					"zh_CN": "字段"
				}
			}
		],
		"return": {
			"type": "string",
			"hint": {
				"en_US": "SHA384 Value",
				"zh_CN": "SHA384 值"
			}
		},
		"node": {
			"category": "function",
			"icon": "iconPath",
			"label": {
				"en_US": "SHA384",
				"zh_CN": "SHA384"
			}
		}
	}, {
		"name": "sha512",
		"example": "sha512(col1)",
		"hint": {
			"en_US": "SHA512 hashed value of the argument",
			"zh_CN": "参数的 SHA512 哈希值"
		},
		"args": [
			{
				"name": "field",
				"optional": false,
				"control": "field",
				"type": "string",
				"hint": {
					"en_US": "The field to encode.",
					"zh_CN": "需要编码的字段名"
				},
				"label": {
					"en_US": "Field",
					"zh_CN": "字段"
				}
			}
		],
		"return": {
			"type": "string",
			"hint": {
				"en_US": "SHA512 Value",
				"zh_CN": "SHA512 值"
			}
		},
		"node": {
			"category": "function",
			"icon": "iconPath",
			"label": {
				"en_US": "SHA 512 hashed value of the argument",
				"zh_CN": "参数的 SHA512 哈希值"
			}
		}
	}, {
		"name": "json_path_exists",
		"example": "json_path_exists(col1, \"$.name\")",
		"hint": {
			"en_US": "Checks whether JSON path returns any item for the specified JSON value. Return bool value.",
			"zh_CN": "检查 JSON 路径是否返回指定JSON 值的任何项目。 返回布尔值。"
		},
		"args": [
			{
				"name": "field",
				"optional": false,
				"control": "field",
				"type": "string",
				"hint": {
					"en_US": "The field to apply JSON Path, could be a struct or a string.",
					"zh_CN": "应用 JSON Path 的字段名，可为 struct 或者 string 类型。"
				},
				"label": {
					"en_US": "Field",
					"zh_CN": "字段"
				}
			},
			{
				"name": "expr",
				"optional": false,
				"control": "text",
				"type": "string",
				"hint": {
					"en_US": "JSON path expression",
					"zh_CN": "JSON 路径表达式"
				},
				"label": {
					"en_US": "JSON Path",
					"zh_CN": "JSON 路径"
				}
			}
		],
		"return": {
			"type": "bool",
			"hint": {
				"en_US": "Existed",
				"zh_CN": "是否存在"
			}
		},
		"node": {
			"category": "function",
			"icon": "iconPath",
			"label": {
				"en_US": "JSON Path Exist",
				"zh_CN": "JSON Path 检查"
			}
		}
	}, {
		"name": "json_path_query",
		"example": "json_path_query(col1, \"$.name\")",
		"hint": {
			"en_US": "Gets all items returned by JSON path for the specified JSON value.",
			"zh_CN": "获取 JSON 路径返回的指定 JSON值的所有项目。"
		},
		"args": [
			{
				"name": "field",
				"optional": false,
				"control": "field",
				"type": "any",
				"hint": {
					"en_US": "The field to apply JSON Path, could be a struct or a string.",
					"zh_CN": "应用 JSON Path 的字段名，可为 struct 或者 string 类型。"
				},
				"label": {
					"en_US": "Field",
					"zh_CN": "字段"
				}
			},
			{
				"name": "expr",
				"optional": false,
				"control": "text",
				"type": "string",
				"hint": {
					"en_US": "JSON path expression",
					"zh_CN": "JSON 路径表达式"
				},
				"label": {
					"en_US": "JSON Path",
					"zh_CN": "JSON 路径"
				}
			}
		],
		"return": {
			"type": "array",
			"hint": {
				"en_US": "JSON Path Queried Value",
				"zh_CN": "JSON Path 查询返回值"
			}
		},
		"node": {
			"category": "function",
			"icon": "iconPath",
			"label": {
				"en_US": "JSON Path Query",
				"zh_CN": "JSON Path 查询"
			}
		}
	}, {
		"name": "json_path_query_first",
		"example": "json_path_query_first(col1, \"$.name\")",
		"hint": {
			"en_US": "Gets the first item returned by JSON path for the specified JSON value.",
			"zh_CN": "获取 JSON 路径返回的指定 JSON值的第一项。"
		},
		"args": [
			{
				"name": "field",
				"optional": false,
				"control": "field",
				"type": "any",
				"hint": {
					"en_US": "The field to apply JSON Path, could be a struct or a string.",
					"zh_CN": "应用 JSON Path 的字段名，可为 struct 或者 string 类型。"
				},
				"label": {
					"en_US": "Field",
					"zh_CN": "字段"
				}
			},
			{
				"name": "expr",
				"optional": false,
				"control": "text",
				"type": "string",
				"hint": {
					"en_US": "JSON path expression",
					"zh_CN": "JSON 路径表达式"
				},
				"label": {
					"en_US": "JSON Path",
					"zh_CN": "JSON 路径"
				}
			}
		],
		"return": {
			"type": "any",
			"hint": {
				"en_US": "JSON Path Queried First Value",
				"zh_CN": "JSON Path 查询返回值的第一项"
			}
		},
		"node": {
			"category": "function",
			"icon": "iconPath",
			"label": {
				"en_US": "JSON Path Query First",
				"zh_CN": "JSON Path 查询第一项"
			}
		}
	}, {
		"name": "isNull",
		"example": "isNull(col1)",
		"hint": {
			"en_US": "Returns true if the argument is the Null value.",
			"zh_CN": "如果参数为空值，则返回 true。"
		},
		"args": [
			{
				"name": "field",
				"optional": false,
				"control": "field",
				"type": "any",
				"hint": {
					"en_US": "The field to check.",
					"zh_CN": "需要检查的字段名"
				},
				"label": {
					"en_US": "Field",
					"zh_CN": "字段"
				}
			}
		],
		"return": {
			"type": "bool",
			"hint": {
				"en_US": "Is null",
				"zh_CN": "是否为空"
			}
		},
		"node": {
			"category": "function",
			"icon": "iconPath",
			"label": {
				"en_US": "IsNull",
				"zh_CN": "空值测试"
			}
		}
	}, {
		"name": "newuuid",
		"example": "newuuid()",
		"hint": {
			"en_US": "Returns a random 16-byte UUID.",
			"zh_CN": "返回一个随机的16字节 UUID。"
		},
		"args": [],
		"return": {
			"type": "string",
			"hint": {
				"en_US": "UUID",
				"zh_CN": "UUID"
			}
		},
		"node": {
			"category": "function",
			"icon": "iconPath",
			"label": {
				"en_US": "UUID",
				"zh_CN": "UUID"
			}
		}
	}, {
		"name": "tstamp",
		"example": "tstamp()",
		"hint": {
			"en_US": "Returns the current timestamp in milliseconds from 00:00:00 Coordinated Universal Time (UTC), Thursday, 1 January 1970",
			"zh_CN": "返回当前时间戳，以1970年1月1日星期四00:00:00协调世界时（UTC）为单位。"
		},
		"args": [],
		"return": {
			"type": "int",
			"hint": {
				"en_US": "UTC value of current timestamp",
				"zh_CN": "UTC 时间戳"
			}
		},
		"node": {
			"category": "function",
			"icon": "iconPath",
			"label": {
				"en_US": "Current Timestamp",
				"zh_CN": "时间戳"
			}
		}
	}, {
		"name": "mqtt",
		"example": "mqtt(topic)",
		"hint": {
			"en_US": "Returns the MQTT meta-data of specified key. The current supported keys - topic: return the topic of message. If there are multiple stream source, then specify the source name in parameter. Such as mqtt(src1.topic) - messageid: return the message id of message. If there are multiple stream source, then specify the source name in parameter. Such as mqtt(src2.messageid)",
			"zh_CN": "返回指定键的 MQTT 元数据。 当前支持的键包括 -topic：返回消息的主题。 如果有多个流源，则在参数中指定源名称。 如 mqtt(src1.topic) - messageid：返回消息的消息ID。 如果有多个流源，则在参数中指定源名称。 如 mqtt(src2.messageid)"
		},
		"args": [
			{
				"name": "key",
				"optional": false,
				"control": "text",
				"type": "any",
				"hint": {
					"en_US": "Returns the MQTT meta-data of specified key.",
					"zh_CN": "返回指定键的 MQTT 元数据"
				},
				"label": {
					"en_US": "Returns the MQTT meta-data of specified key.",
					"zh_CN": "返回指定键的 MQTT 元数据"
				}
			}
		],
		"return": {
			"type": "any",
			"hint": {
				"en_US": "MQTT Meta",
				"zh_CN": "MQTT 元数据"
			}
		},
		"node": {
			"category": "function",
			"icon": "iconPath",
			"label": {
				"en_US": "MQTT Meta",
				"zh_CN": "MQTT 元数据"
			}
		}
	}, {
		"name": "meta",
		"example": "meta(topic)",
		"hint": {
			"en_US": "Returns the meta-data of specified key. The key could be: - a standalone key if there is only one source in the from clause, such as meta(device) - A qualified key to specify the stream, such as meta(src1.device) - A key with arrow for multi level meta data, such as meta(src1.reading->device->name) This assumes reading is a map structure meta data.",
			"zh_CN": "返回指定键的元数据。 键可能是：-如果 from 子句中只有一个来源，则为独立键，例如meta(device) -用于指定流的合格键，例如 meta(src1.device) -用于多级元数据的带有箭头的键，例如 meta(src1.reading->device->name)。这里假定读取是地图结构元数据。"
		},
		"args": [
			{
				"name": "key",
				"optional": false,
				"control": "text",
				"type": "any",
				"hint": {
					"en_US": "Returns the meta-data of specified key.",
					"zh_CN": "返回指定键的元数据"
				},
				"label": {
					"en_US": "Returns the meta-data of specified key.",
					"zh_CN": "返回指定键的元数据"
				}
			}
		],
		"return": {
			"type": "any",
			"hint": {
				"en_US": "MQTT Meta",
				"zh_CN": "MQTT 元数据"
			}
		},
		"node": {
			"category": "function",
			"icon": "iconPath",
			"label": {
				"en_US": "Metadata",
				"zh_CN": "元数据"
			}
		}
	}, {
		"name": "cardinality",
		"example": "cardinality(col)",
		"hint": {
			"en_US": "The number of members in the group. The null value is 0.",
			"zh_CN": "组中成员的数量。空值为0。"
		},
		"args": [
			{
				"name": "field",
				"optional": false,
				"control": "field",
				"type": "array",
				"hint": {
					"en_US": "The field to check.",
					"zh_CN": "需要检查的字段名"
				},
				"label": {
					"en_US": "Field",
					"zh_CN": "字段"
				}
			}
		],
		"return": {
			"type": "int",
			"hint": {
				"en_US": "Cardinality",
				"zh_CN": "数组长度"
			}
		},
		"node": {
			"category": "function",
			"icon": "iconPath",
			"label": {
				"en_US": "Cardinality",
				"zh_CN": "数组长度"
			}
		}
	}, {
		"name": "window_start",
		"example": "window_start()",
		"hint": {
			"en_US": "Return the window start timestamp in int64 format. If there is no time window, it returns 0. The window time is aligned with the timestamp notion of the rule. If the rule is using processing time, then the window start timestamp is the processing timestamp. If the rule is using event time, then the window start timestamp is the event timestamp.",
			"zh_CN": "返回窗口的开始时间戳，格式为 int64。若运行时没有时间窗口，则返回默认值0。窗口的时间与规则所用的时间系统相同。若规则采用处理时间，则窗口的时间也为处理时间；若规则采用事件事件，则窗口的时间也为事件时间。"
		},
		"args": [],
		"return": {
			"type": "int",
			"hint": {
				"en_US": "Window Start Timestamp",
				"zh_CN": "窗口开始时间戳"
			}
		},
		"node": {
			"category": "function",
			"icon": "iconPath",
			"label": {
				"en_US": "Window Start Time",
				"zh_CN": "窗口开始时间"
			}
		}
	}, {
		"name": "window_end",
		"example": "window_end()",
		"hint": {
			"en_US": "Return the window end timestamp in int64 format. If there is no time window, it returns 0. The window time is aligned with the timestamp notion of the rule. If the rule is using processing time, then the window start timestamp is the processing timestamp. If the rule is using event time, then the window start timestamp is the event timestamp.",
			"zh_CN": "返回窗口的结束时间戳，格式为 int64。若运行时没有时间窗口，则返回默认值0。窗口的时间与规则所用的时间系统相同。若规则采用处理时间，则窗口的时间也为处理时间；若规则采用事件事件，则窗口的时间也为事件时间。"
		},
		"args": [],
		"return": {
			"type": "int",
			"hint": {
				"en_US": "Window Start Timestamp",
				"zh_CN": "窗口开始时间戳"
			}
		},
		"node": {
			"category": "function",
			"icon": "iconPath",
			"label": {
				"en_US": "Window End Time",
				"zh_CN": "窗口结束时间"
			}
		}
	}]
}
